{
	"domestic": {
		"CO2": 0.129,
		"CH4": 0.000004,
		"N2O": 0.0000041,
		"distance": 1000
	},
	"short": {
		"CO2": 0.08,
		"CH4": 0.000004,
		"N2O": 0.0000026,
		"distance": 2500
	},
	"long": {
		"CO2": 0.101,
		"CH4": 0.000004,
		"N2O": 0.0000032,
		"distance": 5000
	}
}
